steps,fc_mean,fc_std,return_mean,return_std
0,2380.27,13.24526707922494,-0.5176379358542404,1.1168761817043256
