steps,fc_mean,fc_std,return_mean,return_std
0,2304.99,224.9998442221683,-0.9469451785215847,1.188921294825847
