steps,fc_mean,fc_std,return_mean,return_std
0,599.58,167.6573994788181,2.7651691750927836,0.9404170367197614
