steps,fc_mean,fc_std,return_mean,return_std
0,666.77,118.94510120219326,2.4864412855037608,0.6111890156182156
