steps,fc_mean,fc_std,return_mean,return_std
0,1239.99,157.8421043321458,-0.9340719286261395,0.29509047440327435
