steps,fc_mean,fc_std,return_mean,return_std
0,1237.5,142.2259118445018,-0.9313896174469954,0.2676164246122471
