steps,fc_mean,fc_std,return_mean,return_std
0,1027.02,24.756809164349107,-1.0717748752126368,0.12675869409003282
